Fluid,Type,Rho_reduced,Temp_reduced,H_reduced,D_reduced,Ref.
Carbon Disulfide,CS2,0.785463434,0.831319527,7.908797607,10.03824013,"Leverant et al., 2023"
Carbon Disulfide,CS2,0.805088102,0.831850722,7.908797607,9.685805865,"Leverant et al., 2023"
Carbon Disulfide,CS2,0.806836049,0.778200069,7.908797607,8.619539109,"Leverant et al., 2023"
Carbon Disulfide,CS2,0.816767561,0.71233194,7.908797607,6.993563849,"Leverant et al., 2023"
Carbon Disulfide,CS2,0.831307294,0.831319527,7.908797607,7.925863817,"Leverant et al., 2023"
Carbon Disulfide,CS2,0.842271684,0.71233194,7.908797607,5.727039153,"Leverant et al., 2023"
Carbon Disulfide,CS2,0.858321008,0.72508061,7.908797607,5.313194647,"Leverant et al., 2023"
Carbon Disulfide,CS2,0.872463481,0.831850722,7.908797607,5.956254006,"Leverant et al., 2023"
Carbon Disulfide,CS2,0.872781289,0.778200069,7.908797607,5.584343052,"Leverant et al., 2023"
Carbon Disulfide,CS2,0.872781289,0.831319527,7.908797607,5.727954323,"Leverant et al., 2023"
Carbon Disulfide,CS2,0.872940194,0.752171534,7.908797607,4.977350772,"Leverant et al., 2023"
Carbon Disulfide,CS2,0.887162119,0.792011128,7.908797607,5.175754906,"Leverant et al., 2023"
Carbon Disulfide,CS2,0.899159386,0.752171534,7.908797607,3.760620703,"Leverant et al., 2023"
Carbon Disulfide,CS2,0.921803233,0.72508061,7.908797607,0.626539369,"Leverant et al., 2023"
Carbon Disulfide,CS2,0.926649811,0.71233194,7.908797607,0.516249668,"Leverant et al., 2023"
Carbon Disulfide,CS2,0.93189365,0.778200069,7.908797607,0.647658674,"Leverant et al., 2023"
Carbon Disulfide,CS2,0.785463434,0.831319527,11.86319641,11.41944265,"Leverant et al., 2023"
Carbon Disulfide,CS2,0.805088102,0.831850722,11.86319641,10.00332288,"Leverant et al., 2023"
Carbon Disulfide,CS2,0.806836049,0.778200069,11.86319641,9.204168391,"Leverant et al., 2023"
Carbon Disulfide,CS2,0.816767561,0.71233194,11.86319641,7.286582467,"Leverant et al., 2023"
Carbon Disulfide,CS2,0.831307294,0.831319527,11.86319641,8.603206847,"Leverant et al., 2023"
Carbon Disulfide,CS2,0.842271684,0.71233194,11.86319641,5.949167306,"Leverant et al., 2023"
Carbon Disulfide,CS2,0.858321008,0.72508061,11.86319641,5.435780477,"Leverant et al., 2023"
Carbon Disulfide,CS2,0.872463481,0.831850722,11.86319641,6.221324744,"Leverant et al., 2023"
Carbon Disulfide,CS2,0.872781289,0.778200069,11.86319641,5.486208683,"Leverant et al., 2023"
Carbon Disulfide,CS2,0.872781289,0.831319527,11.86319641,6.234629906,"Leverant et al., 2023"
Carbon Disulfide,CS2,0.872940194,0.752171534,11.86319641,5.384577896,"Leverant et al., 2023"
Carbon Disulfide,CS2,0.887162119,0.792011128,11.86319641,5.141846689,"Leverant et al., 2023"
Carbon Disulfide,CS2,0.899159386,0.752171534,11.86319641,4.056642956,"Leverant et al., 2023"
Carbon Disulfide,CS2,0.921803233,0.72508061,11.86319641,0.316789569,"Leverant et al., 2023"
Carbon Disulfide,CS2,0.926649811,0.71233194,11.86319641,0.917516455,"Leverant et al., 2023"
Carbon Disulfide,CS2,0.93189365,0.778200069,11.86319641,0.119676059,"Leverant et al., 2023"
Carbon Disulfide,CS2,0.785463434,0.831319527,15.81759521,11.64316648,"Leverant et al., 2023"
Carbon Disulfide,CS2,0.805088102,0.831850722,15.81759521,10.46088434,"Leverant et al., 2023"
Carbon Disulfide,CS2,0.806836049,0.778200069,15.81759521,9.500988484,"Leverant et al., 2023"
Carbon Disulfide,CS2,0.816767561,0.71233194,15.81759521,7.528234243,"Leverant et al., 2023"
Carbon Disulfide,CS2,0.831307294,0.831319527,15.81759521,8.958386618,"Leverant et al., 2023"
Carbon Disulfide,CS2,0.842271684,0.71233194,15.81759521,6.539006017,"Leverant et al., 2023"
Carbon Disulfide,CS2,0.858321008,0.72508061,15.81759521,5.736120454,"Leverant et al., 2023"
Carbon Disulfide,CS2,0.872463481,0.831850722,15.81759521,6.643757767,"Leverant et al., 2023"
Carbon Disulfide,CS2,0.872781289,0.778200069,15.81759521,6.122861853,"Leverant et al., 2023"
Carbon Disulfide,CS2,0.872781289,0.831319527,15.81759521,6.60379535,"Leverant et al., 2023"
Carbon Disulfide,CS2,0.872940194,0.752171534,15.81759521,5.282712451,"Leverant et al., 2023"
Carbon Disulfide,CS2,0.887162119,0.792011128,15.81759521,5.250212187,"Leverant et al., 2023"
Carbon Disulfide,CS2,0.899159386,0.752171534,15.81759521,4.376764682,"Leverant et al., 2023"
Carbon Disulfide,CS2,0.921803233,0.72508061,15.81759521,0.485744005,"Leverant et al., 2023"
Carbon Disulfide,CS2,0.926649811,0.71233194,15.81759521,0.305056622,"Leverant et al., 2023"
Carbon Disulfide,CS2,0.93189365,0.778200069,15.81759521,1.046578872,"Leverant et al., 2023"
Carbon Disulfide,CS2,0.785463434,0.831319527,23.72639282,13.11877229,"Leverant et al., 2023"
Carbon Disulfide,CS2,0.805088102,0.831850722,23.72639282,11.4057855,"Leverant et al., 2023"
Carbon Disulfide,CS2,0.806836049,0.778200069,23.72639282,10.35052424,"Leverant et al., 2023"
Carbon Disulfide,CS2,0.816767561,0.71233194,23.72639282,8.317345326,"Leverant et al., 2023"
Carbon Disulfide,CS2,0.831307294,0.831319527,23.72639282,8.902256199,"Leverant et al., 2023"
Carbon Disulfide,CS2,0.842271684,0.71233194,23.72639282,6.909790607,"Leverant et al., 2023"
Carbon Disulfide,CS2,0.858321008,0.72508061,23.72639282,6.084635912,"Leverant et al., 2023"
Carbon Disulfide,CS2,0.872463481,0.831850722,23.72639282,7.053777333,"Leverant et al., 2023"
Carbon Disulfide,CS2,0.872781289,0.778200069,23.72639282,6.262976706,"Leverant et al., 2023"
Carbon Disulfide,CS2,0.872781289,0.831319527,23.72639282,7.074544649,"Leverant et al., 2023"
Carbon Disulfide,CS2,0.872940194,0.752171534,23.72639282,5.890549502,"Leverant et al., 2023"
Carbon Disulfide,CS2,0.887162119,0.792011128,23.72639282,5.574651638,"Leverant et al., 2023"
Carbon Disulfide,CS2,0.899159386,0.752171534,23.72639282,4.499186251,"Leverant et al., 2023"
Carbon Disulfide,CS2,0.921803233,0.72508061,23.72639282,3.391244066,"Leverant et al., 2023"
Carbon Disulfide,CS2,0.926649811,0.71233194,23.72639282,1.044232282,"Leverant et al., 2023"
Carbon Disulfide,CS2,0.93189365,0.778200069,23.72639282,3.445966531,"Leverant et al., 2023"
Carbon Disulfide,CS2,0.785463434,0.831319527,35.58958923,13.53958617,"Leverant et al., 2023"
Carbon Disulfide,CS2,0.805088102,0.831850722,35.58958923,11.41918452,"Leverant et al., 2023"
Carbon Disulfide,CS2,0.806836049,0.778200069,35.58958923,9.928654402,"Leverant et al., 2023"
Carbon Disulfide,CS2,0.816767561,0.71233194,35.58958923,9.018318511,"Leverant et al., 2023"
Carbon Disulfide,CS2,0.831307294,0.831319527,35.58958923,9.770869731,"Leverant et al., 2023"
Carbon Disulfide,CS2,0.842271684,0.71233194,35.58958923,7.35331947,"Leverant et al., 2023"
Carbon Disulfide,CS2,0.858321008,0.72508061,35.58958923,6.295430037,"Leverant et al., 2023"
Carbon Disulfide,CS2,0.872463481,0.831850722,35.58958923,7.301624105,"Leverant et al., 2023"
Carbon Disulfide,CS2,0.872781289,0.778200069,35.58958923,6.957848758,"Leverant et al., 2023"
Carbon Disulfide,CS2,0.872781289,0.831319527,35.58958923,7.252439591,"Leverant et al., 2023"
Carbon Disulfide,CS2,0.872940194,0.752171534,35.58958923,6.052886557,"Leverant et al., 2023"
Carbon Disulfide,CS2,0.887162119,0.792011128,35.58958923,6.097917608,"Leverant et al., 2023"
Carbon Disulfide,CS2,0.899159386,0.752171534,35.58958923,4.678934998,"Leverant et al., 2023"
Carbon Disulfide,CS2,0.921803233,0.72508061,35.58958923,3.537788574,"Leverant et al., 2023"
Carbon Disulfide,CS2,0.926649811,0.71233194,35.58958923,2.496911915,"Leverant et al., 2023"
Carbon Disulfide,CS2,0.93189365,0.778200069,35.58958923,3.819238507,"Leverant et al., 2023"
Cyclohexane,C6H12,0.678107662,2.282210673,5.932905815,50.27240997,"Leverant et al., 2023"
Cyclohexane,C6H12,0.815498334,2.015389472,5.932905815,26.60661951,"Leverant et al., 2023"
Cyclohexane,C6H12,0.883064432,1.837508671,5.932905815,17.47662455,"Leverant et al., 2023"
Cyclohexane,C6H12,0.904896375,1.77062549,5.932905815,15.37273106,"Leverant et al., 2023"
Cyclohexane,C6H12,0.942349448,1.65944999,5.932905815,10.78937794,"Leverant et al., 2023"
Cyclohexane,C6H12,0.968321932,1.570509589,5.932905815,7.762075042,"Leverant et al., 2023"
Cyclohexane,C6H12,0.981308173,1.532087336,5.932905815,7.127398708,"Leverant et al., 2023"
Cyclohexane,C6H12,0.989401048,1.505360746,5.932905815,5.967916433,"Leverant et al., 2023"
Cyclohexane,C6H12,0.995423653,1.486416441,5.932905815,5.48434781,"Leverant et al., 2023"
Cyclohexane,C6H12,0.678107662,2.282210673,8.899358723,49.55497163,"Leverant et al., 2023"
Cyclohexane,C6H12,0.815498334,2.015389472,8.899358723,28.73338272,"Leverant et al., 2023"
Cyclohexane,C6H12,0.883064432,1.837508671,8.899358723,18.58521873,"Leverant et al., 2023"
Cyclohexane,C6H12,0.904896375,1.77062549,8.899358723,14.5429318,"Leverant et al., 2023"
Cyclohexane,C6H12,0.942349448,1.65944999,8.899358723,10.90128386,"Leverant et al., 2023"
Cyclohexane,C6H12,0.968321932,1.570509589,8.899358723,8.497234412,"Leverant et al., 2023"
Cyclohexane,C6H12,0.981308173,1.532087336,8.899358723,7.265862224,"Leverant et al., 2023"
Cyclohexane,C6H12,0.989401048,1.505360746,8.899358723,6.729729191,"Leverant et al., 2023"
Cyclohexane,C6H12,0.995423653,1.486416441,8.899358723,5.984176676,"Leverant et al., 2023"
Cyclohexane,C6H12,0.678107662,2.282210673,11.86581163,59.56967709,"Leverant et al., 2023"
Cyclohexane,C6H12,0.815498334,2.015389472,11.86581163,29.4054648,"Leverant et al., 2023"
Cyclohexane,C6H12,0.883064432,1.837508671,11.86581163,17.99929918,"Leverant et al., 2023"
Cyclohexane,C6H12,0.904896375,1.77062549,11.86581163,16.24551579,"Leverant et al., 2023"
Cyclohexane,C6H12,0.942349448,1.65944999,11.86581163,12.22899619,"Leverant et al., 2023"
Cyclohexane,C6H12,0.968321932,1.570509589,11.86581163,9.813883076,"Leverant et al., 2023"
Cyclohexane,C6H12,0.981308173,1.532087336,11.86581163,8.113813562,"Leverant et al., 2023"
Cyclohexane,C6H12,0.989401048,1.505360746,11.86581163,6.874514805,"Leverant et al., 2023"
Cyclohexane,C6H12,0.995423653,1.486416441,11.86581163,6.637651672,"Leverant et al., 2023"
Cyclohexane,C6H12,0.678107662,2.282210673,17.79871745,57.91024622,"Leverant et al., 2023"
Cyclohexane,C6H12,0.815498334,2.015389472,17.79871745,30.08425213,"Leverant et al., 2023"
Cyclohexane,C6H12,0.883064432,1.837508671,17.79871745,19.90878818,"Leverant et al., 2023"
Cyclohexane,C6H12,0.904896375,1.77062549,17.79871745,19.53686205,"Leverant et al., 2023"
Cyclohexane,C6H12,0.942349448,1.65944999,17.79871745,13.05544282,"Leverant et al., 2023"
Cyclohexane,C6H12,0.968321932,1.570509589,17.79871745,9.813188603,"Leverant et al., 2023"
Cyclohexane,C6H12,0.981308173,1.532087336,17.79871745,8.426613709,"Leverant et al., 2023"
Cyclohexane,C6H12,0.989401048,1.505360746,17.79871745,7.864857023,"Leverant et al., 2023"
Cyclohexane,C6H12,0.995423653,1.486416441,17.79871745,6.964508906,"Leverant et al., 2023"
Cyclohexane,C6H12,0.678107662,2.282210673,26.69807617,62.82424024,"Leverant et al., 2023"
Cyclohexane,C6H12,0.815498334,2.015389472,26.69807617,33.09242111,"Leverant et al., 2023"
Cyclohexane,C6H12,0.883064432,1.837508671,26.69807617,23.64634522,"Leverant et al., 2023"
Cyclohexane,C6H12,0.904896375,1.77062549,26.69807617,17.68178141,"Leverant et al., 2023"
Cyclohexane,C6H12,0.942349448,1.65944999,26.69807617,14.19176802,"Leverant et al., 2023"
Cyclohexane,C6H12,0.968321932,1.570509589,26.69807617,10.30738984,"Leverant et al., 2023"
Cyclohexane,C6H12,0.981308173,1.532087336,26.69807617,9.958261584,"Leverant et al., 2023"
Cyclohexane,C6H12,0.989401048,1.505360746,26.69807617,9.234716674,"Leverant et al., 2023"
Cyclohexane,C6H12,0.995423653,1.486416441,26.69807617,7.657137801,"Leverant et al., 2023"
Ethane,C2H6,0.449289298,1.39843113,8.142015915,73.35144361,"Leverant et al., 2023"
Ethane,C2H6,0.4607946,1.426049269,8.142015915,69.83010875,"Leverant et al., 2023"
Ethane,C2H6,0.530991501,1.338475002,8.142015915,51.37015519,"Leverant et al., 2023"
Ethane,C2H6,0.590411285,1.267910891,8.142015915,41.120736,"Leverant et al., 2023"
Ethane,C2H6,0.623179549,1.39258973,8.142015915,38.34770443,"Leverant et al., 2023"
Ethane,C2H6,0.625582555,1.238376774,8.142015915,33.91875982,"Leverant et al., 2023"
Ethane,C2H6,0.650486435,1.327166052,8.142015915,32.41268869,"Leverant et al., 2023"
Ethane,C2H6,0.685876159,1.238376774,8.142015915,27.46448282,"Leverant et al., 2023"
Ethane,C2H6,0.687041253,1.327166052,8.142015915,29.29909454,"Leverant et al., 2023"
Ethane,C2H6,0.698255281,1.081593601,8.142015915,22.26562756,"Leverant et al., 2023"
Ethane,C2H6,0.718571604,1.172953095,8.142015915,21.54326115,"Leverant et al., 2023"
Ethane,C2H6,0.736412103,1.018740138,8.142015915,18.15447021,"Leverant et al., 2023"
Ethane,C2H6,0.757966338,0.967335819,8.142015915,14.59525702,"Leverant et al., 2023"
Ethane,C2H6,0.760587799,0.942988865,8.142015915,14.77697631,"Leverant et al., 2023"
Ethane,C2H6,0.764155899,1.042105738,8.142015915,15.70889181,"Leverant et al., 2023"
Ethane,C2H6,0.776607839,0.904108507,8.142015915,12.7935497,"Leverant et al., 2023"
Ethane,C2H6,0.807774098,1.018740138,8.142015915,12.81992961,"Leverant et al., 2023"
Ethane,C2H6,0.836974262,0.855180942,8.142015915,8.175193344,"Leverant et al., 2023"
Ethane,C2H6,0.849644657,0.724333585,8.142015915,5.747335793,"Leverant et al., 2023"
Ethane,C2H6,0.854159395,0.789757263,8.142015915,6.27038288,"Leverant et al., 2023"
Ethane,C2H6,0.449289298,1.39843113,12.21302387,73.70708905,"Leverant et al., 2023"
Ethane,C2H6,0.4607946,1.426049269,12.21302387,72.01108259,"Leverant et al., 2023"
Ethane,C2H6,0.530991501,1.338475002,12.21302387,52.79916075,"Leverant et al., 2023"
Ethane,C2H6,0.590411285,1.267910891,12.21302387,43.60536069,"Leverant et al., 2023"
Ethane,C2H6,0.623179549,1.39258973,12.21302387,42.15966128,"Leverant et al., 2023"
Ethane,C2H6,0.625582555,1.238376774,12.21302387,34.80999791,"Leverant et al., 2023"
Ethane,C2H6,0.650486435,1.327166052,12.21302387,35.37517229,"Leverant et al., 2023"
Ethane,C2H6,0.685876159,1.238376774,12.21302387,28.28401186,"Leverant et al., 2023"
Ethane,C2H6,0.687041253,1.327166052,12.21302387,31.31222372,"Leverant et al., 2023"
Ethane,C2H6,0.698255281,1.081593601,12.21302387,23.45342815,"Leverant et al., 2023"
Ethane,C2H6,0.718571604,1.172953095,12.21302387,24.61811108,"Leverant et al., 2023"
Ethane,C2H6,0.736412103,1.018740138,12.21302387,18.99973476,"Leverant et al., 2023"
Ethane,C2H6,0.757966338,0.967335819,12.21302387,16.28784013,"Leverant et al., 2023"
Ethane,C2H6,0.760587799,0.942988865,12.21302387,15.2574128,"Leverant et al., 2023"
Ethane,C2H6,0.764155899,1.042105738,12.21302387,16.80508767,"Leverant et al., 2023"
Ethane,C2H6,0.776607839,0.904108507,12.21302387,13.41394066,"Leverant et al., 2023"
Ethane,C2H6,0.807774098,1.018740138,12.21302387,13.09957675,"Leverant et al., 2023"
Ethane,C2H6,0.836974262,0.855180942,12.21302387,8.452363595,"Leverant et al., 2023"
Ethane,C2H6,0.849644657,0.724333585,12.21302387,5.924967208,"Leverant et al., 2023"
Ethane,C2H6,0.854159395,0.789757263,12.21302387,6.590546337,"Leverant et al., 2023"
Ethane,C2H6,0.449289298,1.39843113,16.28403183,75.80596299,"Leverant et al., 2023"
Ethane,C2H6,0.4607946,1.426049269,16.28403183,79.27711563,"Leverant et al., 2023"
Ethane,C2H6,0.530991501,1.338475002,16.28403183,56.13652095,"Leverant et al., 2023"
Ethane,C2H6,0.590411285,1.267910891,16.28403183,44.30593851,"Leverant et al., 2023"
Ethane,C2H6,0.623179549,1.39258973,16.28403183,41.98235207,"Leverant et al., 2023"
Ethane,C2H6,0.625582555,1.238376774,16.28403183,37.76623894,"Leverant et al., 2023"
Ethane,C2H6,0.650486435,1.327166052,16.28403183,36.43522164,"Leverant et al., 2023"
Ethane,C2H6,0.685876159,1.238376774,16.28403183,29.57801674,"Leverant et al., 2023"
Ethane,C2H6,0.687041253,1.327166052,16.28403183,33.41178233,"Leverant et al., 2023"
Ethane,C2H6,0.698255281,1.081593601,16.28403183,25.06507932,"Leverant et al., 2023"
Ethane,C2H6,0.718571604,1.172953095,16.28403183,25.59348294,"Leverant et al., 2023"
Ethane,C2H6,0.736412103,1.018740138,16.28403183,19.27901943,"Leverant et al., 2023"
Ethane,C2H6,0.757966338,0.967335819,16.28403183,16.52942772,"Leverant et al., 2023"
Ethane,C2H6,0.760587799,0.942988865,16.28403183,15.78446722,"Leverant et al., 2023"
Ethane,C2H6,0.764155899,1.042105738,16.28403183,18.09256805,"Leverant et al., 2023"
Ethane,C2H6,0.776607839,0.904108507,16.28403183,13.43973658,"Leverant et al., 2023"
Ethane,C2H6,0.807774098,1.018740138,16.28403183,13.719424,"Leverant et al., 2023"
Ethane,C2H6,0.836974262,0.855180942,16.28403183,9.159405493,"Leverant et al., 2023"
Ethane,C2H6,0.849644657,0.724333585,16.28403183,6.35751712,"Leverant et al., 2023"
Ethane,C2H6,0.854159395,0.789757263,16.28403183,6.911454876,"Leverant et al., 2023"
Ethane,C2H6,0.449289298,1.39843113,24.42604775,81.29932674,"Leverant et al., 2023"
Ethane,C2H6,0.4607946,1.426049269,24.42604775,75.18464572,"Leverant et al., 2023"
Ethane,C2H6,0.530991501,1.338475002,24.42604775,58.35597724,"Leverant et al., 2023"
Ethane,C2H6,0.590411285,1.267910891,24.42604775,46.13813375,"Leverant et al., 2023"
Ethane,C2H6,0.623179549,1.39258973,24.42604775,44.90506444,"Leverant et al., 2023"
Ethane,C2H6,0.625582555,1.238376774,24.42604775,38.47775132,"Leverant et al., 2023"
Ethane,C2H6,0.650486435,1.327166052,24.42604775,39.1636893,"Leverant et al., 2023"
Ethane,C2H6,0.685876159,1.238376774,24.42604775,30.31703672,"Leverant et al., 2023"
Ethane,C2H6,0.687041253,1.327166052,24.42604775,33.3034032,"Leverant et al., 2023"
Ethane,C2H6,0.698255281,1.081593601,24.42604775,24.82685467,"Leverant et al., 2023"
Ethane,C2H6,0.718571604,1.172953095,24.42604775,25.55169797,"Leverant et al., 2023"
Ethane,C2H6,0.736412103,1.018740138,24.42604775,20.2938806,"Leverant et al., 2023"
Ethane,C2H6,0.757966338,0.967335819,24.42604775,17.00106419,"Leverant et al., 2023"
Ethane,C2H6,0.760587799,0.942988865,24.42604775,16.58134176,"Leverant et al., 2023"
Ethane,C2H6,0.764155899,1.042105738,24.42604775,18.98342352,"Leverant et al., 2023"
Ethane,C2H6,0.776607839,0.904108507,24.42604775,14.01230137,"Leverant et al., 2023"
Ethane,C2H6,0.807774098,1.018740138,24.42604775,13.69042624,"Leverant et al., 2023"
Ethane,C2H6,0.836974262,0.855180942,24.42604775,8.995930624,"Leverant et al., 2023"
Ethane,C2H6,0.849644657,0.724333585,24.42604775,6.350187131,"Leverant et al., 2023"
Ethane,C2H6,0.854159395,0.789757263,24.42604775,7.262911748,"Leverant et al., 2023"
Ethane,C2H6,0.449289298,1.39843113,36.63907162,83.73115135,"Leverant et al., 2023"
Ethane,C2H6,0.4607946,1.426049269,36.63907162,82.0531678,"Leverant et al., 2023"
Ethane,C2H6,0.530991501,1.338475002,36.63907162,61.38849849,"Leverant et al., 2023"
Ethane,C2H6,0.590411285,1.267910891,36.63907162,49.77964822,"Leverant et al., 2023"
Ethane,C2H6,0.623179549,1.39258973,36.63907162,45.63308944,"Leverant et al., 2023"
Ethane,C2H6,0.625582555,1.238376774,36.63907162,41.56117975,"Leverant et al., 2023"
Ethane,C2H6,0.650486435,1.327166052,36.63907162,40.09445696,"Leverant et al., 2023"
Ethane,C2H6,0.685876159,1.238376774,36.63907162,32.13132987,"Leverant et al., 2023"
Ethane,C2H6,0.687041253,1.327166052,36.63907162,36.25964423,"Leverant et al., 2023"
Ethane,C2H6,0.698255281,1.081593601,36.63907162,26.68083851,"Leverant et al., 2023"
Ethane,C2H6,0.718571604,1.172953095,36.63907162,25.68595357,"Leverant et al., 2023"
Ethane,C2H6,0.736412103,1.018740138,36.63907162,22.27579692,"Leverant et al., 2023"
Ethane,C2H6,0.757966338,0.967335819,36.63907162,17.61791097,"Leverant et al., 2023"
Ethane,C2H6,0.760587799,0.942988865,36.63907162,17.57213882,"Leverant et al., 2023"
Ethane,C2H6,0.764155899,1.042105738,36.63907162,18.52717197,"Leverant et al., 2023"
Ethane,C2H6,0.776607839,0.904108507,36.63907162,15.05497219,"Leverant et al., 2023"
Ethane,C2H6,0.807774098,1.018740138,36.63907162,14.44509293,"Leverant et al., 2023"
Ethane,C2H6,0.836974262,0.855180942,36.63907162,9.566743465,"Leverant et al., 2023"
Ethane,C2H6,0.849644657,0.724333585,36.63907162,7.071284887,"Leverant et al., 2023"
Ethane,C2H6,0.854159395,0.789757263,36.63907162,7.759196319,"Leverant et al., 2023"
n-Hexane,C6H14,0.308418107,1.169864917,6.051534153,110.7533409,"Leverant et al., 2023"
n-Hexane,C6H14,0.549441803,1.082552296,6.051534153,42.02941563,"Leverant et al., 2023"
n-Hexane,C6H14,0.600164965,1.030155523,6.051534153,31.79441849,"Leverant et al., 2023"
n-Hexane,C6H14,0.635635708,1.01895393,6.051534153,25.47739467,"Leverant et al., 2023"
n-Hexane,C6H14,0.638828074,0.981760961,6.051534153,24.75442822,"Leverant et al., 2023"
n-Hexane,C6H14,0.745062948,0.812587008,6.051534153,11.58477746,"Leverant et al., 2023"
n-Hexane,C6H14,0.788159901,0.731806732,6.051534153,7.422911841,"Leverant et al., 2023"
n-Hexane,C6H14,0.794721988,0.720306123,6.051534153,7.709325303,"Leverant et al., 2023"
n-Hexane,C6H14,0.800397307,0.708805515,6.051534153,7.738834137,"Leverant et al., 2023"
n-Hexane,C6H14,0.811393237,0.685804297,6.051534153,6.188624832,"Leverant et al., 2023"
n-Hexane,C6H14,0.824517412,0.685804297,6.051534153,5.768017277,"Leverant et al., 2023"
n-Hexane,C6H14,0.835513342,0.765940539,6.051534153,6.368575395,"Leverant et al., 2023"
n-Hexane,C6H14,0.850056347,0.851045043,6.051534153,6.815616466,"Leverant et al., 2023"
n-Hexane,C6H14,0.852007237,0.719938104,6.051534153,5.178409426,"Leverant et al., 2023"
n-Hexane,C6H14,0.86548612,0.570775209,6.051534153,0.001647873,"Leverant et al., 2023"
n-Hexane,C6H14,0.877723526,0.628278253,6.051534153,0.593731977,"Leverant et al., 2023"
n-Hexane,C6H14,0.897232434,0.685781296,6.051534153,0.449743085,"Leverant et al., 2023"
n-Hexane,C6H14,0.308418107,1.169864917,9.077301229,106.9560516,"Leverant et al., 2023"
n-Hexane,C6H14,0.549441803,1.082552296,9.077301229,42.06882592,"Leverant et al., 2023"
n-Hexane,C6H14,0.600164965,1.030155523,9.077301229,33.3873445,"Leverant et al., 2023"
n-Hexane,C6H14,0.635635708,1.01895393,9.077301229,30.40762769,"Leverant et al., 2023"
n-Hexane,C6H14,0.638828074,0.981760961,9.077301229,26.34514996,"Leverant et al., 2023"
n-Hexane,C6H14,0.745062948,0.812587008,9.077301229,12.44005371,"Leverant et al., 2023"
n-Hexane,C6H14,0.788159901,0.731806732,9.077301229,8.74743189,"Leverant et al., 2023"
n-Hexane,C6H14,0.794721988,0.720306123,9.077301229,8.925053744,"Leverant et al., 2023"
n-Hexane,C6H14,0.800397307,0.708805515,9.077301229,7.614221528,"Leverant et al., 2023"
n-Hexane,C6H14,0.811393237,0.685804297,9.077301229,7.078014002,"Leverant et al., 2023"
n-Hexane,C6H14,0.824517412,0.685804297,9.077301229,6.376290355,"Leverant et al., 2023"
n-Hexane,C6H14,0.835513342,0.765940539,9.077301229,6.889655199,"Leverant et al., 2023"
n-Hexane,C6H14,0.850056347,0.851045043,9.077301229,7.836319951,"Leverant et al., 2023"
n-Hexane,C6H14,0.852007237,0.719938104,9.077301229,5.355213566,"Leverant et al., 2023"
n-Hexane,C6H14,0.86548612,0.570775209,9.077301229,1.690536259,"Leverant et al., 2023"
n-Hexane,C6H14,0.877723526,0.628278253,9.077301229,1.758086603,"Leverant et al., 2023"
n-Hexane,C6H14,0.897232434,0.685781296,9.077301229,1.048807984,"Leverant et al., 2023"
n-Hexane,C6H14,0.308418107,1.169864917,12.10306831,112.1665475,"Leverant et al., 2023"
n-Hexane,C6H14,0.549441803,1.082552296,12.10306831,43.79292404,"Leverant et al., 2023"
n-Hexane,C6H14,0.600164965,1.030155523,12.10306831,34.96500058,"Leverant et al., 2023"
n-Hexane,C6H14,0.635635708,1.01895393,12.10306831,29.5632306,"Leverant et al., 2023"
n-Hexane,C6H14,0.638828074,0.981760961,12.10306831,27.71037798,"Leverant et al., 2023"
n-Hexane,C6H14,0.745062948,0.812587008,12.10306831,14.20064678,"Leverant et al., 2023"
n-Hexane,C6H14,0.788159901,0.731806732,12.10306831,9.79606211,"Leverant et al., 2023"
n-Hexane,C6H14,0.794721988,0.720306123,12.10306831,8.638586953,"Leverant et al., 2023"
n-Hexane,C6H14,0.800397307,0.708805515,12.10306831,8.679383806,"Leverant et al., 2023"
n-Hexane,C6H14,0.811393237,0.685804297,12.10306831,8.145984952,"Leverant et al., 2023"
n-Hexane,C6H14,0.824517412,0.685804297,12.10306831,6.802657465,"Leverant et al., 2023"
n-Hexane,C6H14,0.835513342,0.765940539,12.10306831,7.195729366,"Leverant et al., 2023"
n-Hexane,C6H14,0.850056347,0.851045043,12.10306831,7.496097307,"Leverant et al., 2023"
n-Hexane,C6H14,0.852007237,0.719938104,12.10306831,5.918281242,"Leverant et al., 2023"
n-Hexane,C6H14,0.86548612,0.570775209,12.10306831,1.967759318,"Leverant et al., 2023"
n-Hexane,C6H14,0.877723526,0.628278253,12.10306831,2.416826899,"Leverant et al., 2023"
n-Hexane,C6H14,0.897232434,0.685781296,12.10306831,1.470108818,"Leverant et al., 2023"
n-Hexane,C6H14,0.308418107,1.169864917,18.15460246,117.4862082,"Leverant et al., 2023"
n-Hexane,C6H14,0.549441803,1.082552296,18.15460246,46.39762978,"Leverant et al., 2023"
n-Hexane,C6H14,0.600164965,1.030155523,18.15460246,37.50951541,"Leverant et al., 2023"
n-Hexane,C6H14,0.635635708,1.01895393,18.15460246,30.82025364,"Leverant et al., 2023"
n-Hexane,C6H14,0.638828074,0.981760961,18.15460246,29.21326649,"Leverant et al., 2023"
n-Hexane,C6H14,0.745062948,0.812587008,18.15460246,15.39696339,"Leverant et al., 2023"
n-Hexane,C6H14,0.788159901,0.731806732,18.15460246,9.55321862,"Leverant et al., 2023"
n-Hexane,C6H14,0.794721988,0.720306123,18.15460246,9.185087018,"Leverant et al., 2023"
n-Hexane,C6H14,0.800397307,0.708805515,18.15460246,8.727077904,"Leverant et al., 2023"
n-Hexane,C6H14,0.811393237,0.685804297,18.15460246,7.618665629,"Leverant et al., 2023"
n-Hexane,C6H14,0.824517412,0.685804297,18.15460246,7.378826353,"Leverant et al., 2023"
n-Hexane,C6H14,0.835513342,0.765940539,18.15460246,7.794403184,"Leverant et al., 2023"
n-Hexane,C6H14,0.850056347,0.851045043,18.15460246,8.574271914,"Leverant et al., 2023"
n-Hexane,C6H14,0.852007237,0.719938104,18.15460246,6.262112496,"Leverant et al., 2023"
n-Hexane,C6H14,0.86548612,0.570775209,18.15460246,3.706558521,"Leverant et al., 2023"
n-Hexane,C6H14,0.877723526,0.628278253,18.15460246,3.543193345,"Leverant et al., 2023"
n-Hexane,C6H14,0.897232434,0.685781296,18.15460246,1.801087731,"Leverant et al., 2023"
n-Hexane,C6H14,0.308418107,1.169864917,27.23190369,122.979029,"Leverant et al., 2023"
n-Hexane,C6H14,0.549441803,1.082552296,27.23190369,48.78261913,"Leverant et al., 2023"
n-Hexane,C6H14,0.600164965,1.030155523,27.23190369,38.76067222,"Leverant et al., 2023"
n-Hexane,C6H14,0.635635708,1.01895393,27.23190369,35.02817793,"Leverant et al., 2023"
n-Hexane,C6H14,0.638828074,0.981760961,27.23190369,38.01550304,"Leverant et al., 2023"
n-Hexane,C6H14,0.745062948,0.812587008,27.23190369,17.94496239,"Leverant et al., 2023"
n-Hexane,C6H14,0.788159901,0.731806732,27.23190369,11.1950653,"Leverant et al., 2023"
n-Hexane,C6H14,0.794721988,0.720306123,27.23190369,9.943250755,"Leverant et al., 2023"
n-Hexane,C6H14,0.800397307,0.708805515,27.23190369,9.594371001,"Leverant et al., 2023"
n-Hexane,C6H14,0.811393237,0.685804297,27.23190369,8.044766093,"Leverant et al., 2023"
n-Hexane,C6H14,0.824517412,0.685804297,27.23190369,7.722586502,"Leverant et al., 2023"
n-Hexane,C6H14,0.835513342,0.765940539,27.23190369,8.360723943,"Leverant et al., 2023"
n-Hexane,C6H14,0.850056347,0.851045043,27.23190369,8.581133607,"Leverant et al., 2023"
n-Hexane,C6H14,0.852007237,0.719938104,27.23190369,6.921368308,"Leverant et al., 2023"
n-Hexane,C6H14,0.86548612,0.570775209,27.23190369,3.615525543,"Leverant et al., 2023"
n-Hexane,C6H14,0.877723526,0.628278253,27.23190369,4.344002681,"Leverant et al., 2023"
n-Hexane,C6H14,0.897232434,0.685781296,27.23190369,2.652097639,"Leverant et al., 2023"
n-Heptane,C7H16,0.738645045,0.992229773,5.72047729,15.79561834,"Leverant et al., 2023"
n-Heptane,C7H16,0.788195992,0.892464783,5.72047729,11.01182516,"Leverant et al., 2023"
n-Heptane,C7H16,0.815700966,0.832298896,5.72047729,8.537678817,"Leverant et al., 2023"
n-Heptane,C7H16,0.819690238,0.82415633,5.72047729,7.713113733,"Leverant et al., 2023"
n-Heptane,C7H16,0.827878742,0.873655209,5.72047729,8.205315371,"Leverant et al., 2023"
n-Heptane,C7H16,0.843835826,0.769559067,5.72047729,5.054074598,"Leverant et al., 2023"
n-Heptane,C7H16,0.849084867,0.75708535,5.72047729,4.516143148,"Leverant et al., 2023"
n-Heptane,C7H16,0.853074138,0.750304003,5.72047729,3.818523873,"Leverant et al., 2023"
n-Heptane,C7H16,0.856013601,0.799406891,5.72047729,4.929478246,"Leverant et al., 2023"
n-Heptane,C7H16,0.857483333,0.737929284,5.72047729,1.953469301,"Leverant et al., 2023"
n-Heptane,C7H16,0.883938499,0.676154683,5.72047729,0.625895083,"Leverant et al., 2023"
n-Heptane,C7H16,0.885828154,0.824527572,5.72047729,1.901292582,"Leverant et al., 2023"
n-Heptane,C7H16,0.897166082,0.645242633,5.72047729,0.383431222,"Leverant et al., 2023"
n-Heptane,C7H16,0.738645045,0.992229773,8.580715935,17.49636136,"Leverant et al., 2023"
n-Heptane,C7H16,0.788195992,0.892464783,8.580715935,12.37548702,"Leverant et al., 2023"
n-Heptane,C7H16,0.815700966,0.832298896,8.580715935,8.842750981,"Leverant et al., 2023"
n-Heptane,C7H16,0.819690238,0.82415633,8.580715935,8.539783929,"Leverant et al., 2023"
n-Heptane,C7H16,0.827878742,0.873655209,8.580715935,8.620248099,"Leverant et al., 2023"
n-Heptane,C7H16,0.843835826,0.769559067,8.580715935,6.425461472,"Leverant et al., 2023"
n-Heptane,C7H16,0.849084867,0.75708535,8.580715935,6.338024117,"Leverant et al., 2023"
n-Heptane,C7H16,0.853074138,0.750304003,8.580715935,5.771730034,"Leverant et al., 2023"
n-Heptane,C7H16,0.856013601,0.799406891,8.580715935,6.018516894,"Leverant et al., 2023"
n-Heptane,C7H16,0.857483333,0.737929284,8.580715935,4.949645977,"Leverant et al., 2023"
n-Heptane,C7H16,0.883938499,0.676154683,8.580715935,0.85520199,"Leverant et al., 2023"
n-Heptane,C7H16,0.885828154,0.824527572,8.580715935,5.012235485,"Leverant et al., 2023"
n-Heptane,C7H16,0.897166082,0.645242633,8.580715935,0.481168592,"Leverant et al., 2023"
n-Heptane,C7H16,0.738645045,0.992229773,11.44095458,19.35696136,"Leverant et al., 2023"
n-Heptane,C7H16,0.788195992,0.892464783,11.44095458,11.75179103,"Leverant et al., 2023"
n-Heptane,C7H16,0.815700966,0.832298896,11.44095458,10.07307652,"Leverant et al., 2023"
n-Heptane,C7H16,0.819690238,0.82415633,11.44095458,8.941183791,"Leverant et al., 2023"
n-Heptane,C7H16,0.827878742,0.873655209,11.44095458,8.91319707,"Leverant et al., 2023"
n-Heptane,C7H16,0.843835826,0.769559067,11.44095458,6.560508204,"Leverant et al., 2023"
n-Heptane,C7H16,0.849084867,0.75708535,11.44095458,6.354000418,"Leverant et al., 2023"
n-Heptane,C7H16,0.853074138,0.750304003,11.44095458,6.139598459,"Leverant et al., 2023"
n-Heptane,C7H16,0.856013601,0.799406891,11.44095458,6.210721192,"Leverant et al., 2023"
n-Heptane,C7H16,0.857483333,0.737929284,11.44095458,6.167397223,"Leverant et al., 2023"
n-Heptane,C7H16,0.883938499,0.676154683,11.44095458,3.37372486,"Leverant et al., 2023"
n-Heptane,C7H16,0.885828154,0.824527572,11.44095458,5.352662264,"Leverant et al., 2023"
n-Heptane,C7H16,0.897166082,0.645242633,11.44095458,0.330803407,"Leverant et al., 2023"
n-Heptane,C7H16,0.738645045,0.992229773,17.16143187,19.18802607,"Leverant et al., 2023"
n-Heptane,C7H16,0.788195992,0.892464783,17.16143187,13.54707616,"Leverant et al., 2023"
n-Heptane,C7H16,0.815700966,0.832298896,17.16143187,10.5370095,"Leverant et al., 2023"
n-Heptane,C7H16,0.819690238,0.82415633,17.16143187,9.280332465,"Leverant et al., 2023"
n-Heptane,C7H16,0.827878742,0.873655209,17.16143187,10.12525324,"Leverant et al., 2023"
n-Heptane,C7H16,0.843835826,0.769559067,17.16143187,7.471157355,"Leverant et al., 2023"
n-Heptane,C7H16,0.849084867,0.75708535,17.16143187,6.25880046,"Leverant et al., 2023"
n-Heptane,C7H16,0.853074138,0.750304003,17.16143187,6.793348693,"Leverant et al., 2023"
n-Heptane,C7H16,0.856013601,0.799406891,17.16143187,7.178208383,"Leverant et al., 2023"
n-Heptane,C7H16,0.857483333,0.737929284,17.16143187,5.693089043,"Leverant et al., 2023"
n-Heptane,C7H16,0.883938499,0.676154683,17.16143187,3.940939929,"Leverant et al., 2023"
n-Heptane,C7H16,0.885828154,0.824527572,17.16143187,5.773008138,"Leverant et al., 2023"
n-Heptane,C7H16,0.897166082,0.645242633,17.16143187,1.435987517,"Leverant et al., 2023"
n-Heptane,C7H16,0.738645045,0.992229773,25.7421478,20.39906727,"Leverant et al., 2023"
n-Heptane,C7H16,0.788195992,0.892464783,25.7421478,14.38453506,"Leverant et al., 2023"
n-Heptane,C7H16,0.815700966,0.832298896,25.7421478,10.67839036,"Leverant et al., 2023"
n-Heptane,C7H16,0.819690238,0.82415633,25.7421478,11.83116505,"Leverant et al., 2023"
n-Heptane,C7H16,0.827878742,0.873655209,25.7421478,10.62095086,"Leverant et al., 2023"
n-Heptane,C7H16,0.843835826,0.769559067,25.7421478,7.546621882,"Leverant et al., 2023"
n-Heptane,C7H16,0.849084867,0.75708535,25.7421478,7.518747936,"Leverant et al., 2023"
n-Heptane,C7H16,0.853074138,0.750304003,25.7421478,7.386351391,"Leverant et al., 2023"
n-Heptane,C7H16,0.856013601,0.799406891,25.7421478,8.777699243,"Leverant et al., 2023"
n-Heptane,C7H16,0.857483333,0.737929284,25.7421478,6.908039737,"Leverant et al., 2023"
n-Heptane,C7H16,0.883938499,0.676154683,25.7421478,4.769470894,"Leverant et al., 2023"
n-Heptane,C7H16,0.885828154,0.824527572,25.7421478,7.132741711,"Leverant et al., 2023"
n-Heptane,C7H16,0.897166082,0.645242633,25.7421478,1.976212035,"Leverant et al., 2023"
n-Octane,C8H18,0.729540981,0.885725859,5.507606977,14.57206393,"Leverant et al., 2023"
n-Octane,C8H18,0.753537492,0.843912808,5.507606977,11.91126009,"Leverant et al., 2023"
n-Octane,C8H18,0.776592963,0.802099757,5.507606977,9.387441384,"Leverant et al., 2023"
n-Octane,C8H18,0.800354214,0.760286706,5.507606977,7.08057203,"Leverant et al., 2023"
n-Octane,C8H18,0.808823571,0.740091002,5.507606977,7.312082936,"Leverant et al., 2023"
n-Octane,C8H18,0.821292346,0.715358583,5.507606977,5.756323254,"Leverant et al., 2023"
n-Octane,C8H18,0.830702743,0.696521803,5.507606977,4.94790855,"Leverant et al., 2023"
n-Octane,C8H18,0.840113139,0.675615278,5.507606977,4.068586196,"Leverant et al., 2023"
n-Octane,C8H18,0.845759377,0.665162015,5.507606977,3.639926093,"Leverant et al., 2023"
n-Octane,C8H18,0.849053016,0.658660085,5.507606977,2.869513486,"Leverant et al., 2023"
n-Octane,C8H18,0.861051271,0.633802227,5.507606977,1.372692571,"Leverant et al., 2023"
n-Octane,C8H18,0.865991729,0.623348964,5.507606977,1.294557418,"Leverant et al., 2023"
n-Octane,C8H18,0.870932187,0.612895701,5.507606977,1.095667938,"Leverant et al., 2023"
n-Octane,C8H18,0.876813685,0.623348964,5.507606977,0.863038279,"Leverant et al., 2023"
n-Octane,C8H18,0.884812522,0.696187299,5.507606977,0.148101631,"Leverant et al., 2023"
n-Octane,C8H18,0.895634478,0.623348964,5.507606977,0.077247253,"Leverant et al., 2023"
n-Octane,C8H18,0.729540981,0.885725859,8.261410466,15.89924278,"Leverant et al., 2023"
n-Octane,C8H18,0.753537492,0.843912808,8.261410466,13.05766261,"Leverant et al., 2023"
n-Octane,C8H18,0.776592963,0.802099757,8.261410466,11.5690814,"Leverant et al., 2023"
n-Octane,C8H18,0.800354214,0.760286706,8.261410466,8.669805522,"Leverant et al., 2023"
n-Octane,C8H18,0.808823571,0.740091002,8.261410466,7.585840099,"Leverant et al., 2023"
n-Octane,C8H18,0.821292346,0.715358583,8.261410466,6.320654395,"Leverant et al., 2023"
n-Octane,C8H18,0.830702743,0.696521803,8.261410466,6.33898064,"Leverant et al., 2023"
n-Octane,C8H18,0.840113139,0.675615278,8.261410466,5.300795313,"Leverant et al., 2023"
n-Octane,C8H18,0.845759377,0.665162015,8.261410466,4.534982026,"Leverant et al., 2023"
n-Octane,C8H18,0.849053016,0.658660085,8.261410466,4.572149497,"Leverant et al., 2023"
n-Octane,C8H18,0.861051271,0.633802227,8.261410466,2.703227675,"Leverant et al., 2023"
n-Octane,C8H18,0.865991729,0.623348964,8.261410466,1.504101691,"Leverant et al., 2023"
n-Octane,C8H18,0.870932187,0.612895701,8.261410466,1.219973863,"Leverant et al., 2023"
n-Octane,C8H18,0.876813685,0.623348964,8.261410466,0.974913611,"Leverant et al., 2023"
n-Octane,C8H18,0.884812522,0.696187299,8.261410466,1.060151959,"Leverant et al., 2023"
n-Octane,C8H18,0.895634478,0.623348964,8.261410466,0.941173431,"Leverant et al., 2023"
n-Octane,C8H18,0.729540981,0.885725859,11.01521395,16.56681887,"Leverant et al., 2023"
n-Octane,C8H18,0.753537492,0.843912808,11.01521395,13.18113391,"Leverant et al., 2023"
n-Octane,C8H18,0.776592963,0.802099757,11.01521395,11.54750544,"Leverant et al., 2023"
n-Octane,C8H18,0.800354214,0.760286706,11.01521395,9.108854048,"Leverant et al., 2023"
n-Octane,C8H18,0.808823571,0.740091002,11.01521395,8.526605096,"Leverant et al., 2023"
n-Octane,C8H18,0.821292346,0.715358583,11.01521395,6.907982132,"Leverant et al., 2023"
n-Octane,C8H18,0.830702743,0.696521803,11.01521395,6.566513756,"Leverant et al., 2023"
n-Octane,C8H18,0.840113139,0.675615278,11.01521395,5.849108748,"Leverant et al., 2023"
n-Octane,C8H18,0.845759377,0.665162015,11.01521395,5.112596143,"Leverant et al., 2023"
n-Octane,C8H18,0.849053016,0.658660085,11.01521395,5.220475928,"Leverant et al., 2023"
n-Octane,C8H18,0.861051271,0.633802227,11.01521395,4.478920054,"Leverant et al., 2023"
n-Octane,C8H18,0.865991729,0.623348964,11.01521395,3.234031732,"Leverant et al., 2023"
n-Octane,C8H18,0.870932187,0.612895701,11.01521395,2.060743623,"Leverant et al., 2023"
n-Octane,C8H18,0.876813685,0.623348964,11.01521395,2.416471664,"Leverant et al., 2023"
n-Octane,C8H18,0.884812522,0.696187299,11.01521395,3.358799365,"Leverant et al., 2023"
n-Octane,C8H18,0.895634478,0.623348964,11.01521395,1.496998495,"Leverant et al., 2023"
n-Octane,C8H18,0.729540981,0.885725859,16.52282093,18.1644874,"Leverant et al., 2023"
n-Octane,C8H18,0.753537492,0.843912808,16.52282093,13.75704326,"Leverant et al., 2023"
n-Octane,C8H18,0.776592963,0.802099757,16.52282093,12.2231259,"Leverant et al., 2023"
n-Octane,C8H18,0.800354214,0.760286706,16.52282093,10.70449817,"Leverant et al., 2023"
n-Octane,C8H18,0.808823571,0.740091002,16.52282093,8.997724551,"Leverant et al., 2023"
n-Octane,C8H18,0.821292346,0.715358583,16.52282093,7.652574622,"Leverant et al., 2023"
n-Octane,C8H18,0.830702743,0.696521803,16.52282093,7.861745978,"Leverant et al., 2023"
n-Octane,C8H18,0.840113139,0.675615278,16.52282093,6.467974674,"Leverant et al., 2023"
n-Octane,C8H18,0.845759377,0.665162015,16.52282093,5.903448195,"Leverant et al., 2023"
n-Octane,C8H18,0.849053016,0.658660085,16.52282093,5.223601334,"Leverant et al., 2023"
n-Octane,C8H18,0.861051271,0.633802227,16.52282093,4.705103563,"Leverant et al., 2023"
n-Octane,C8H18,0.865991729,0.623348964,16.52282093,3.900524585,"Leverant et al., 2023"
n-Octane,C8H18,0.870932187,0.612895701,16.52282093,2.962884994,"Leverant et al., 2023"
n-Octane,C8H18,0.876813685,0.623348964,16.52282093,2.832488079,"Leverant et al., 2023"
n-Octane,C8H18,0.884812522,0.696187299,16.52282093,3.764551661,"Leverant et al., 2023"
n-Octane,C8H18,0.895634478,0.623348964,16.52282093,0.832849697,"Leverant et al., 2023"
n-Octane,C8H18,0.729540981,0.885725859,24.7842314,21.61438525,"Leverant et al., 2023"
n-Octane,C8H18,0.753537492,0.843912808,24.7842314,16.97859112,"Leverant et al., 2023"
n-Octane,C8H18,0.776592963,0.802099757,24.7842314,12.75456925,"Leverant et al., 2023"
n-Octane,C8H18,0.800354214,0.760286706,24.7842314,10.62249178,"Leverant et al., 2023"
n-Octane,C8H18,0.808823571,0.740091002,24.7842314,10.97997786,"Leverant et al., 2023"
n-Octane,C8H18,0.821292346,0.715358583,24.7842314,9.859022547,"Leverant et al., 2023"
n-Octane,C8H18,0.830702743,0.696521803,24.7842314,7.811455352,"Leverant et al., 2023"
n-Octane,C8H18,0.840113139,0.675615278,24.7842314,7.332398076,"Leverant et al., 2023"
n-Octane,C8H18,0.845759377,0.665162015,24.7842314,6.030133691,"Leverant et al., 2023"
n-Octane,C8H18,0.849053016,0.658660085,24.7842314,6.14053511,"Leverant et al., 2023"
n-Octane,C8H18,0.861051271,0.633802227,24.7842314,5.158731399,"Leverant et al., 2023"
n-Octane,C8H18,0.865991729,0.623348964,24.7842314,4.514311726,"Leverant et al., 2023"
n-Octane,C8H18,0.870932187,0.612895701,24.7842314,3.700392046,"Leverant et al., 2023"
n-Octane,C8H18,0.876813685,0.623348964,24.7842314,4.465033306,"Leverant et al., 2023"
n-Octane,C8H18,0.884812522,0.696187299,24.7842314,4.184439318,"Leverant et al., 2023"
n-Octane,C8H18,0.895634478,0.623348964,24.7842314,2.448063127,"Leverant et al., 2023"
n-Nonane,C9H20,0.700960937,0.949252028,5.287245143,18.80510705,"Leverant et al., 2023"
n-Nonane,C9H20,0.735264412,0.894722967,5.287245143,14.56672715,"Leverant et al., 2023"
n-Nonane,C9H20,0.780470542,0.816327388,5.287245143,9.774080951,"Leverant et al., 2023"
n-Nonane,C9H20,0.79084136,0.797065279,5.287245143,8.629480643,"Leverant et al., 2023"
n-Nonane,C9H20,0.831792796,0.719333218,5.287245143,5.404681058,"Leverant et al., 2023"
n-Nonane,C9H20,0.833654225,0.716096057,5.287245143,5.442289961,"Leverant et al., 2023"
n-Nonane,C9H20,0.84960933,0.74022396,5.287245143,4.285076587,"Leverant et al., 2023"
n-Nonane,C9H20,0.869553211,0.644436185,5.287245143,0.829061078,"Leverant et al., 2023"
n-Nonane,C9H20,0.876998926,0.629336139,5.287245143,0.706827714,"Leverant et al., 2023"
n-Nonane,C9H20,0.87965811,0.669549311,5.287245143,0.767058647,"Leverant et al., 2023"
n-Nonane,C9H20,0.882583213,0.709762483,5.287245143,0.713913706,"Leverant et al., 2023"
n-Nonane,C9H20,0.891092602,0.599497966,5.287245143,0.356071104,"Leverant et al., 2023"
n-Nonane,C9H20,0.700960937,0.949252028,7.930867715,19.3753877,"Leverant et al., 2023"
n-Nonane,C9H20,0.735264412,0.894722967,7.930867715,15.31479534,"Leverant et al., 2023"
n-Nonane,C9H20,0.780470542,0.816327388,7.930867715,11.81637017,"Leverant et al., 2023"
n-Nonane,C9H20,0.79084136,0.797065279,7.930867715,9.782849866,"Leverant et al., 2023"
n-Nonane,C9H20,0.831792796,0.719333218,7.930867715,6.361927733,"Leverant et al., 2023"
n-Nonane,C9H20,0.833654225,0.716096057,7.930867715,6.193298836,"Leverant et al., 2023"
n-Nonane,C9H20,0.84960933,0.74022396,7.930867715,5.726402815,"Leverant et al., 2023"
n-Nonane,C9H20,0.869553211,0.644436185,7.930867715,1.229419633,"Leverant et al., 2023"
n-Nonane,C9H20,0.876998926,0.629336139,7.930867715,0.795402616,"Leverant et al., 2023"
n-Nonane,C9H20,0.87965811,0.669549311,7.930867715,1.006210882,"Leverant et al., 2023"
n-Nonane,C9H20,0.882583213,0.709762483,7.930867715,0.57573686,"Leverant et al., 2023"
n-Nonane,C9H20,0.891092602,0.599497966,7.930867715,0.689112734,"Leverant et al., 2023"
n-Nonane,C9H20,0.700960937,0.949252028,10.57449029,21.77261426,"Leverant et al., 2023"
n-Nonane,C9H20,0.735264412,0.894722967,10.57449029,16.98329848,"Leverant et al., 2023"
n-Nonane,C9H20,0.780470542,0.816327388,10.57449029,11.45494914,"Leverant et al., 2023"
n-Nonane,C9H20,0.79084136,0.797065279,10.57449029,10.53594911,"Leverant et al., 2023"
n-Nonane,C9H20,0.831792796,0.719333218,10.57449029,6.884342503,"Leverant et al., 2023"
n-Nonane,C9H20,0.833654225,0.716096057,10.57449029,6.297108621,"Leverant et al., 2023"
n-Nonane,C9H20,0.84960933,0.74022396,10.57449029,5.790619619,"Leverant et al., 2023"
n-Nonane,C9H20,0.869553211,0.644436185,10.57449029,0.246238226,"Leverant et al., 2023"
n-Nonane,C9H20,0.876998926,0.629336139,10.57449029,2.559708365,"Leverant et al., 2023"
n-Nonane,C9H20,0.87965811,0.669549311,10.57449029,0.110010028,"Leverant et al., 2023"
n-Nonane,C9H20,0.882583213,0.709762483,10.57449029,2.688868286,"Leverant et al., 2023"
n-Nonane,C9H20,0.891092602,0.599497966,10.57449029,1.027468858,"Leverant et al., 2023"
n-Nonane,C9H20,0.700960937,0.949252028,15.86173543,22.30659692,"Leverant et al., 2023"
n-Nonane,C9H20,0.735264412,0.894722967,15.86173543,18.66356436,"Leverant et al., 2023"
n-Nonane,C9H20,0.780470542,0.816327388,15.86173543,12.57416388,"Leverant et al., 2023"
n-Nonane,C9H20,0.79084136,0.797065279,15.86173543,13.74283885,"Leverant et al., 2023"
n-Nonane,C9H20,0.831792796,0.719333218,15.86173543,7.390512635,"Leverant et al., 2023"
n-Nonane,C9H20,0.833654225,0.716096057,15.86173543,7.160607621,"Leverant et al., 2023"
n-Nonane,C9H20,0.84960933,0.74022396,15.86173543,6.156398532,"Leverant et al., 2023"
n-Nonane,C9H20,0.869553211,0.644436185,15.86173543,3.836214416,"Leverant et al., 2023"
n-Nonane,C9H20,0.876998926,0.629336139,15.86173543,1.737839568,"Leverant et al., 2023"
n-Nonane,C9H20,0.87965811,0.669549311,15.86173543,3.745655437,"Leverant et al., 2023"
n-Nonane,C9H20,0.882583213,0.709762483,15.86173543,3.905196549,"Leverant et al., 2023"
n-Nonane,C9H20,0.891092602,0.599497966,15.86173543,1.890365549,"Leverant et al., 2023"
n-Nonane,C9H20,0.700960937,0.949252028,23.79260314,25.00008881,"Leverant et al., 2023"
n-Nonane,C9H20,0.735264412,0.894722967,23.79260314,23.98314265,"Leverant et al., 2023"
n-Nonane,C9H20,0.780470542,0.816327388,23.79260314,14.07067227,"Leverant et al., 2023"
n-Nonane,C9H20,0.79084136,0.797065279,23.79260314,11.36669311,"Leverant et al., 2023"
n-Nonane,C9H20,0.831792796,0.719333218,23.79260314,8.5066804,"Leverant et al., 2023"
n-Nonane,C9H20,0.833654225,0.716096057,23.79260314,7.892927192,"Leverant et al., 2023"
n-Nonane,C9H20,0.84960933,0.74022396,23.79260314,8.003929258,"Leverant et al., 2023"
n-Nonane,C9H20,0.869553211,0.644436185,23.79260314,4.024205787,"Leverant et al., 2023"
n-Nonane,C9H20,0.876998926,0.629336139,23.79260314,2.996878649,"Leverant et al., 2023"
n-Nonane,C9H20,0.87965811,0.669549311,23.79260314,3.592332282,"Leverant et al., 2023"
n-Nonane,C9H20,0.882583213,0.709762483,23.79260314,4.580863613,"Leverant et al., 2023"
n-Nonane,C9H20,0.891092602,0.599497966,23.79260314,1.59257673,"Leverant et al., 2023"
n-Decane,C10H22,0.677320765,1.194132335,5.064082991,26.92499259,"Leverant et al., 2023"
n-Decane,C10H22,0.72059908,1.12617938,5.064082991,19.41815171,"Leverant et al., 2023"
n-Decane,C10H22,0.760245649,1.05413315,5.064082991,15.85443677,"Leverant et al., 2023"
n-Decane,C10H22,0.782036129,1.012188585,5.064082991,12.15143373,"Leverant et al., 2023"
n-Decane,C10H22,0.786575812,1.030217389,5.064082991,13.27594428,"Leverant et al., 2023"
n-Decane,C10H22,0.795049888,0.985835256,5.064082991,12.00786455,"Leverant et al., 2023"
n-Decane,C10H22,0.800800154,0.974245311,5.064082991,10.43934453,"Leverant et al., 2023"
n-Decane,C10H22,0.82289328,0.928414434,5.064082991,9.053993704,"Leverant et al., 2023"
n-Decane,C10H22,0.854671063,0.858322858,5.064082991,6.928607986,"Leverant et al., 2023"
n-Decane,C10H22,0.877672126,0.807386887,5.064082991,1.513668644,"Leverant et al., 2023"
n-Decane,C10H22,0.882817101,0.79027792,5.064082991,0.81034786,"Leverant et al., 2023"
n-Decane,C10H22,0.888264721,0.777262227,5.064082991,0.531312984,"Leverant et al., 2023"
n-Decane,C10H22,0.89583086,0.765810257,5.064082991,0.219787745,"Leverant et al., 2023"
n-Decane,C10H22,0.899765252,0.756542899,5.064082991,0.133210485,"Leverant et al., 2023"
n-Decane,C10H22,0.915805467,0.720140352,5.064082991,0.095368769,"Leverant et al., 2023"
n-Decane,C10H22,0.677320765,1.194132335,7.596124487,31.60759916,"Leverant et al., 2023"
n-Decane,C10H22,0.72059908,1.12617938,7.596124487,23.52399702,"Leverant et al., 2023"
n-Decane,C10H22,0.760245649,1.05413315,7.596124487,16.81670574,"Leverant et al., 2023"
n-Decane,C10H22,0.782036129,1.012188585,7.596124487,15.5085673,"Leverant et al., 2023"
n-Decane,C10H22,0.786575812,1.030217389,7.596124487,15.27261083,"Leverant et al., 2023"
n-Decane,C10H22,0.795049888,0.985835256,7.596124487,12.05770859,"Leverant et al., 2023"
n-Decane,C10H22,0.800800154,0.974245311,7.596124487,11.90383805,"Leverant et al., 2023"
n-Decane,C10H22,0.82289328,0.928414434,7.596124487,10.46763026,"Leverant et al., 2023"
n-Decane,C10H22,0.854671063,0.858322858,7.596124487,7.279255443,"Leverant et al., 2023"
n-Decane,C10H22,0.877672126,0.807386887,7.596124487,4.646848065,"Leverant et al., 2023"
n-Decane,C10H22,0.882817101,0.79027792,7.596124487,4.460429833,"Leverant et al., 2023"
n-Decane,C10H22,0.888264721,0.777262227,7.596124487,3.679151292,"Leverant et al., 2023"
n-Decane,C10H22,0.89583086,0.765810257,7.596124487,2.105585709,"Leverant et al., 2023"
n-Decane,C10H22,0.899765252,0.756542899,7.596124487,2.225456034,"Leverant et al., 2023"
n-Decane,C10H22,0.915805467,0.720140352,7.596124487,0.898262958,"Leverant et al., 2023"
n-Decane,C10H22,0.677320765,1.194132335,10.12816598,29.70563246,"Leverant et al., 2023"
n-Decane,C10H22,0.72059908,1.12617938,10.12816598,24.33707789,"Leverant et al., 2023"
n-Decane,C10H22,0.760245649,1.05413315,10.12816598,18.43271902,"Leverant et al., 2023"
n-Decane,C10H22,0.782036129,1.012188585,10.12816598,15.43907615,"Leverant et al., 2023"
n-Decane,C10H22,0.786575812,1.030217389,10.12816598,15.23620251,"Leverant et al., 2023"
n-Decane,C10H22,0.795049888,0.985835256,10.12816598,13.72398637,"Leverant et al., 2023"
n-Decane,C10H22,0.800800154,0.974245311,10.12816598,12.28359305,"Leverant et al., 2023"
n-Decane,C10H22,0.82289328,0.928414434,10.12816598,10.32757768,"Leverant et al., 2023"
n-Decane,C10H22,0.854671063,0.858322858,10.12816598,7.410440059,"Leverant et al., 2023"
n-Decane,C10H22,0.877672126,0.807386887,10.12816598,5.216385004,"Leverant et al., 2023"
n-Decane,C10H22,0.882817101,0.79027792,10.12816598,5.06627953,"Leverant et al., 2023"
n-Decane,C10H22,0.888264721,0.777262227,10.12816598,4.655085327,"Leverant et al., 2023"
n-Decane,C10H22,0.89583086,0.765810257,10.12816598,2.508408866,"Leverant et al., 2023"
n-Decane,C10H22,0.899765252,0.756542899,10.12816598,2.778881576,"Leverant et al., 2023"
n-Decane,C10H22,0.915805467,0.720140352,10.12816598,0.322992425,"Leverant et al., 2023"
n-Decane,C10H22,0.677320765,1.194132335,15.19224897,31.27552855,"Leverant et al., 2023"
n-Decane,C10H22,0.72059908,1.12617938,15.19224897,25.64930629,"Leverant et al., 2023"
n-Decane,C10H22,0.760245649,1.05413315,15.19224897,20.42745526,"Leverant et al., 2023"
n-Decane,C10H22,0.782036129,1.012188585,15.19224897,16.73528871,"Leverant et al., 2023"
n-Decane,C10H22,0.786575812,1.030217389,15.19224897,15.37862497,"Leverant et al., 2023"
n-Decane,C10H22,0.795049888,0.985835256,15.19224897,16.52073765,"Leverant et al., 2023"
n-Decane,C10H22,0.800800154,0.974245311,15.19224897,14.06496317,"Leverant et al., 2023"
n-Decane,C10H22,0.82289328,0.928414434,15.19224897,11.62107634,"Leverant et al., 2023"
n-Decane,C10H22,0.854671063,0.858322858,15.19224897,8.934410059,"Leverant et al., 2023"
n-Decane,C10H22,0.877672126,0.807386887,15.19224897,6.491096589,"Leverant et al., 2023"
n-Decane,C10H22,0.882817101,0.79027792,15.19224897,5.529821441,"Leverant et al., 2023"
n-Decane,C10H22,0.888264721,0.777262227,15.19224897,5.260189657,"Leverant et al., 2023"
n-Decane,C10H22,0.89583086,0.765810257,15.19224897,4.742312394,"Leverant et al., 2023"
n-Decane,C10H22,0.899765252,0.756542899,15.19224897,5.127877435,"Leverant et al., 2023"
n-Decane,C10H22,0.915805467,0.720140352,15.19224897,2.167164502,"Leverant et al., 2023"
n-Decane,C10H22,0.677320765,1.194132335,22.78837346,37.99675246,"Leverant et al., 2023"
n-Decane,C10H22,0.72059908,1.12617938,22.78837346,26.74679251,"Leverant et al., 2023"
n-Decane,C10H22,0.760245649,1.05413315,22.78837346,21.02254491,"Leverant et al., 2023"
n-Decane,C10H22,0.782036129,1.012188585,22.78837346,17.20957155,"Leverant et al., 2023"
n-Decane,C10H22,0.786575812,1.030217389,22.78837346,17.38396835,"Leverant et al., 2023"
n-Decane,C10H22,0.795049888,0.985835256,22.78837346,16.66403926,"Leverant et al., 2023"
n-Decane,C10H22,0.800800154,0.974245311,22.78837346,14.55277729,"Leverant et al., 2023"
n-Decane,C10H22,0.82289328,0.928414434,22.78837346,14.50866685,"Leverant et al., 2023"
n-Decane,C10H22,0.854671063,0.858322858,22.78837346,9.121516322,"Leverant et al., 2023"
n-Decane,C10H22,0.877672126,0.807386887,22.78837346,7.768674971,"Leverant et al., 2023"
n-Decane,C10H22,0.882817101,0.79027792,22.78837346,6.229128709,"Leverant et al., 2023"
n-Decane,C10H22,0.888264721,0.777262227,22.78837346,5.009325836,"Leverant et al., 2023"
n-Decane,C10H22,0.89583086,0.765810257,22.78837346,5.262769774,"Leverant et al., 2023"
n-Decane,C10H22,0.899765252,0.756542899,22.78837346,6.2441125,"Leverant et al., 2023"
n-Decane,C10H22,0.915805467,0.720140352,22.78837346,4.384631729,"Leverant et al., 2023"
Toluene,C6H5CH3,0.687742385,1.406171874,6.233385278,30.52754012,"Leverant et al., 2023"
Toluene,C6H5CH3,0.816105818,1.121059977,6.233385278,13.2162671,"Leverant et al., 2023"
Toluene,C6H5CH3,0.821785616,1.106690338,6.233385278,12.20730648,"Leverant et al., 2023"
Toluene,C6H5CH3,0.858947722,1.007015219,6.233385278,8.026558936,"Leverant et al., 2023"
Toluene,C6H5CH3,0.887184432,0.928466891,6.233385278,5.753604815,"Leverant et al., 2023"
Toluene,C6H5CH3,0.894811589,0.90711201,6.233385278,5.134022476,"Leverant et al., 2023"
Toluene,C6H5CH3,0.899679987,0.89297046,6.233385278,4.525948233,"Leverant et al., 2023"
Toluene,C6H5CH3,0.912013262,0.921453139,6.233385278,1.943308327,"Leverant et al., 2023"
Toluene,C6H5CH3,0.914609741,0.850089631,6.233385278,0.585943292,"Leverant et al., 2023"
Toluene,C6H5CH3,0.938951732,0.779809548,6.233385278,0.157867455,"Leverant et al., 2023"
Toluene,C6H5CH3,0.687742385,1.406171874,9.350077917,34.73893376,"Leverant et al., 2023"
Toluene,C6H5CH3,0.816105818,1.121059977,9.350077917,14.25576844,"Leverant et al., 2023"
Toluene,C6H5CH3,0.821785616,1.106690338,9.350077917,12.65418308,"Leverant et al., 2023"
Toluene,C6H5CH3,0.858947722,1.007015219,9.350077917,9.151148515,"Leverant et al., 2023"
Toluene,C6H5CH3,0.887184432,0.928466891,9.350077917,6.082133523,"Leverant et al., 2023"
Toluene,C6H5CH3,0.894811589,0.90711201,9.350077917,5.94399423,"Leverant et al., 2023"
Toluene,C6H5CH3,0.899679987,0.89297046,9.350077917,5.193712814,"Leverant et al., 2023"
Toluene,C6H5CH3,0.912013262,0.921453139,9.350077917,4.682403523,"Leverant et al., 2023"
Toluene,C6H5CH3,0.914609741,0.850089631,9.350077917,0.940038518,"Leverant et al., 2023"
Toluene,C6H5CH3,0.938951732,0.779809548,9.350077917,0.057751245,"Leverant et al., 2023"
Toluene,C6H5CH3,0.687742385,1.406171874,12.46677056,33.98163367,"Leverant et al., 2023"
Toluene,C6H5CH3,0.816105818,1.121059977,12.46677056,13.7645667,"Leverant et al., 2023"
Toluene,C6H5CH3,0.821785616,1.106690338,12.46677056,13.38246001,"Leverant et al., 2023"
Toluene,C6H5CH3,0.858947722,1.007015219,12.46677056,9.56986612,"Leverant et al., 2023"
Toluene,C6H5CH3,0.887184432,0.928466891,12.46677056,6.643247995,"Leverant et al., 2023"
Toluene,C6H5CH3,0.894811589,0.90711201,12.46677056,6.268223211,"Leverant et al., 2023"
Toluene,C6H5CH3,0.899679987,0.89297046,12.46677056,5.304915577,"Leverant et al., 2023"
Toluene,C6H5CH3,0.912013262,0.921453139,12.46677056,5.671593831,"Leverant et al., 2023"
Toluene,C6H5CH3,0.914609741,0.850089631,12.46677056,4.699728896,"Leverant et al., 2023"
Toluene,C6H5CH3,0.938951732,0.779809548,12.46677056,0.434188195,"Leverant et al., 2023"
Toluene,C6H5CH3,0.687742385,1.406171874,18.70015583,35.78992211,"Leverant et al., 2023"
Toluene,C6H5CH3,0.816105818,1.121059977,18.70015583,14.72237321,"Leverant et al., 2023"
Toluene,C6H5CH3,0.821785616,1.106690338,18.70015583,14.6227207,"Leverant et al., 2023"
Toluene,C6H5CH3,0.858947722,1.007015219,18.70015583,10.08823624,"Leverant et al., 2023"
Toluene,C6H5CH3,0.887184432,0.928466891,18.70015583,7.890632739,"Leverant et al., 2023"
Toluene,C6H5CH3,0.894811589,0.90711201,18.70015583,6.583958121,"Leverant et al., 2023"
Toluene,C6H5CH3,0.899679987,0.89297046,18.70015583,6.068665258,"Leverant et al., 2023"
Toluene,C6H5CH3,0.912013262,0.921453139,18.70015583,6.238420196,"Leverant et al., 2023"
Toluene,C6H5CH3,0.914609741,0.850089631,18.70015583,5.237511022,"Leverant et al., 2023"
Toluene,C6H5CH3,0.938951732,0.779809548,18.70015583,0.034987981,"Leverant et al., 2023"
Toluene,C6H5CH3,0.687742385,1.406171874,28.05023375,39.3263428,"Leverant et al., 2023"
Toluene,C6H5CH3,0.816105818,1.121059977,28.05023375,16.43794351,"Leverant et al., 2023"
Toluene,C6H5CH3,0.821785616,1.106690338,28.05023375,16.78063602,"Leverant et al., 2023"
Toluene,C6H5CH3,0.858947722,1.007015219,28.05023375,12.61464245,"Leverant et al., 2023"
Toluene,C6H5CH3,0.887184432,0.928466891,28.05023375,8.647658826,"Leverant et al., 2023"
Toluene,C6H5CH3,0.894811589,0.90711201,28.05023375,6.891388655,"Leverant et al., 2023"
Toluene,C6H5CH3,0.899679987,0.89297046,28.05023375,8.314282385,"Leverant et al., 2023"
Toluene,C6H5CH3,0.912013262,0.921453139,28.05023375,6.809883522,"Leverant et al., 2023"
Toluene,C6H5CH3,0.914609741,0.850089631,28.05023375,6.934512396,"Leverant et al., 2023"
Toluene,C6H5CH3,0.938951732,0.779809548,28.05023375,2.063447779,"Leverant et al., 2023"
